t,x,y,sigma
1,1,1,1e-5
2,0.9799943952435346,0.9999976982251052,1e-5
3,0.960802427605151,0.9979978474382128,1e-5
4,0.9425332616888435,0.9941030888005954,1e-5
5,0.9253262953577737,0.9883776519824078,1e-5
6,0.9092702981950916,0.9809926132767954,1e-5
7,0.8944753747288419,0.9720956946875239,1e-5
8,0.8809736299185142,0.9618387981237227,1e-5
9,0.8688076820288303,0.9504082491806702,1e-5
10,0.8580246941742757,0.9379199568862107,1e-5
11,0.8486342012177377,0.9245990817002364,1e-5
12,0.8406187026383888,0.9106016340955995,1e-5
13,0.8339906403658516,0.8960810582011306,1e-5
14,0.8287403246905143,0.8811884070027972,1e-5
15,0.8248588878613463,0.8660987366869973,1e-5
16,0.8222846275082584,0.8509423252396836,1e-5
17,0.8210226354344987,0.8358168212949578,1e-5
18,0.8210298339406357,0.8208663734363446,1e-5
19,0.8222636551541145,0.8061822007222404,1e-5
20,0.8246837771657074,0.7918527938415163,1e-5
21,0.8282442133107909,0.7779665250457984,1e-5
22,0.8329072907825559,0.764602420620307,1e-5
23,0.8386263817280566,0.7518481611863942,1e-5
24,0.8453832450557756,0.7397040842843865,1e-5
25,0.8530907401772448,0.7282623532177462,1e-5
26,0.8617249506316547,0.7175626712002818,1e-5
27,0.8712144153276195,0.7076402843542183,1e-5
28,0.8815044953467225,0.6985405836012297,1e-5
29,0.8925350172025478,0.6902783564098118,1e-5
30,0.9042308957848275,0.6828661273776048,1e-5
31,0.9165556886419353,0.6763285390615086,1e-5
32,0.929424290306547,0.6706799389075981,1e-5
33,0.9427521744109251,0.6659363818872106,1e-5
34,0.9564597434882711,0.6621270761892547,1e-5
35,0.9704841057717503,0.6592446879574578,1e-5
36,0.9847263018847752,0.6573193691562853,1e-5
37,0.9990723368144686,0.6562923077065507,1e-5
38,1.0134583682480274,0.6562243338776441,1e-5
39,1.0277497634415977,0.6571177604652052,1e-5
40,1.041861238243463,0.6589290395287007,1e-5
41,1.055688415803728,0.6616860091660011,1e-5
42,1.0691143289231215,0.6653746865310068,1e-5
43,1.082025785101638,0.6699798227906942,1e-5
44,1.0943170183779516,0.6754787027069997,1e-5
45,1.105890309879233,0.6818539682436211,1e-5
46,1.116610644378273,0.6890856291187758,1e-5
47,1.1264012223956703,0.6971265850127057,1e-5
48,1.1351437139240161,0.7059320712029579,1e-5
49,1.1427672315073392,0.7154662967951304,1e-5
50,1.1491863451573265,0.7256961371444172,1e-5
51,1.154294028397569,0.7365122683749507,1e-5
52,1.1580532617691277,0.74787878169722255,1e-5
53,1.1604260276301346,0.7596957743567453,1e-5
54,1.1613702679310267,0.7718828216082424,1e-5
55,1.160879651760499,0.7843220359623044,1e-5
56,1.158960634156314,0.7969493715297651,1e-5
57,1.1556238541699777,0.8096238089218721,1e-5
58,1.1508986722639518,0.8222229310594368,1e-5
59,1.1448728505198797,0.834633177453243,1e-5
60,1.137591628955723,0.8467183391487715,1e-5
61,1.1291380310525387,0.8583582334158818,1e-5
62,1.1196334641986851,0.8694334278898461,1e-5
63,1.109175647085201,0.8798322002547841,1e-5
64,1.0979173930876365,0.8894313057346884,1e-5
65,1.0859508241689597,0.8981411648219915,1e-5
66,1.0734167903533982,0.9058600490747821,1e-5
67,1.060491904142348,0.912515097846557,1e-5
68,1.0472771579433797,0.9180308504609717,1e-5
69,1.0339052783569922,0.9223823527845197,1e-5
70,1.0205363989789678,0.9255171153019022,1e-5
71,1.0073268486753768,0.9274033552444628,1e-5
72,0.9943525738560853,0.9280802276740602,1e-5
73,0.9817134726641537,0.9275409545433807,1e-5
74,0.9695356325683263,0.9258394951761216,1e-5
75,0.9579111533516836,0.9230258628874713,1e-5
76,0.9469537173327491,0.9191280831831609,1e-5
77,0.9366853640915708,0.9142601407947766,1e-5
78,0.9271722238149734,0.9084614522346927,1e-5
79,0.9184652625262625,0.9018425255497338,1e-5
80,0.9106147467062339,0.8944856518058377,1e-5
81,0.9036484242471937,0.8864865233418296,1e-5
82,0.8975849693002583,0.8779345942310018,1e-5
83,0.8924155995545149,0.868975634788298,1e-5
84,0.8881761376757334,0.85962979479717,1e-5
85,0.884872713011922,0.8500122446085894,1e-5
86,0.8824898944708801,0.8402299738910198,1e-5
87,0.8810115157369915,0.8303570755312887,1e-5
88,0.8804332862492539,0.8204980670688257,1e-5
89,0.8807265651274466,0.810676681354329,1e-5
90,0.8818875649739476,0.8010105669262022,1e-5
91,0.8838860473225228,0.7915450524187498,1e-5
92,0.8866753651343959,0.7823667417946466,1e-5
93,0.8902450094362541,0.773491944131533,1e-5
94,0.8945566897374426,0.7650005122696606,1e-5
95,0.8995851919006642,0.7569349410059559,1e-5
96,0.9052734348627273,0.7493292004013047,1e-5
97,0.9115777410557095,0.7422278154110824,1e-5
98,0.9184571459046829,0.7356559157685092,1e-5
99,0.9258516386260862,0.7296771396019699,1e-5
100,0.9337415069051513,0.7242541904650046,1e-5
101,0.9420454619834332,0.7194435365363746,1e-5
102,0.9507481513616535,0.7152871588872418,1e-5
103,0.9597360797004223,0.7117696693395874,1e-5
104,0.9689725742072465,0.7088990431468467,1e-5
105,0.9783934155391708,0.7066935657285929,1e-5
106,0.9879617595050778,0.705166102025758,1e-5
107,0.9975700448529919,0.7043196429875488,1e-5
108,1.0071756364247229,0.7041433358350777,1e-5
109,1.0166756185031482,0.7046653604612861,1e-5
110,1.0260245733376465,0.7058332028739303,1e-5
111,1.0351399183557417,0.707657256511941,1e-5
112,1.0439654499720905,0.7101501381918804,1e-5
113,1.0524385953794573,0.7132794211127536,1e-5
114,1.0604579991966483,0.7170203557077499,1e-5
115,1.067968332610762,0.7213481451350702,1e-5
116,1.0749251876084631,0.7262408722749538,1e-5
117,1.0812625155419537,0.7316813424394276,1e-5
118,1.0868943790439762,0.7376197838085544,1e-5
119,1.0917798055482133,0.744016114955691,1e-5
120,1.095886117041987,0.7508488702152772,1e-5
121,1.0991741588725616,0.7580406531154372,1e-5
122,1.1015981421815084,0.7655534355446468,1e-5
123,1.1031693234355373,0.7733199431876409,1e-5
124,1.1038345302872112,0.7813172563396454,1e-5
125,1.1036034634962948,0.7894164289643393,1e-5
126,1.102478079544159,0.7975999111822866,1e-5
127,1.1004793313198669,0.8057679431329065,1e-5
128,1.0976296333804794,0.8138651505118757,1e-5
129,1.0939805148869897,0.8218100004873166,1e-5
130,1.0895490942843626,0.8295397207269806,1e-5
131,1.0843780975976276,0.8369528447733521,1e-5
132,1.078535845653801,0.8440099949509106,1e-5
133,1.0720956069918413,0.8506515008070602,1e-5
134,1.065142344960513,0.8567998002465705,1e-5
135,1.0577033088067285,0.8623636297875911,1e-5
136,1.049882539637455,0.8673406453431542,1e-5
137,1.0417735968441633,0.8716767860348896,1e-5
138,1.0334429690139284,0.8753041407552153,1e-5
139,1.0249779839404656,0.8782269521087551,1e-5
140,1.0164496039287994,0.8804213314911126,1e-5
141,1.007945058674328,0.8818698364602903,1e-5
142,0.9995161905592562,0.8825778521793176,1e-5
143,0.9912759323088393,0.8825324957133573,1e-5
144,0.9832688252572281,0.8817639087765858,1e-5
145,0.9755604700494844,0.8803050226342845,1e-5
146,0.9682008837693777,0.8781552791914974,1e-5
147,0.9612613252184149,0.8753733648225767,1e-5
148,0.9547721875911216,0.8719765097333336,1e-5
149,0.9487837406009694,0.8680334177413261,1e-5
150,0.9433193721458122,0.8635741662454591,1e-5
151,0.9383918664085446,0.8586918727970239,1e-5
152,0.9340333678103079,0.853394105546024,1e-5
153,0.9302690955133793,0.8477540269058901,1e-5
154,0.9271196844852831,0.8418458731897874,1e-5
155,0.9245713046079351,0.8357125937088378,1e-5
156,0.9226765715688382,0.8294292983824025,1e-5
157,0.9214011012321813,0.8230234344308225,1e-5
158,0.9207108743819257,0.8165485458031053,1e-5
159,0.9206437585132831,0.8100812390199891,1e-5
160,0.9211757553902361,0.8036401522909555,1e-5
161,0.9223094974051106,0.7973146334096325,1e-5
162,0.9239926393868954,0.7911324370361503,1e-5
163,0.9262032127697275,0.7851258563956751,1e-5
164,0.9289426480338121,0.7793387172735519,1e-5
165,0.9321815185769885,0.7738072723272638,1e-5
166,0.9359008941189133,0.7685595018158352,1e-5
167,0.9400533969516199,0.7636212197872029,1e-5
168,0.944593040655442,0.7590587621501265,1e-5
169,0.9495108359340683,0.7548325261244638,1e-5
170,0.9547446963147636,0.751019431988928,1e-5
171,0.9602938930853845,0.7476196519095536,1e-5
172,0.966092778438765,0.7446607353803126,1e-5
173,0.9721109258161174,0.7421363578933962,1e-5
174,0.9782776193414909,0.7400490759258201,1e-5
175,0.9845684877222335,0.7384357946519173,1e-5
176,0.9909240328962755,0.7372944774864556,1e-5
177,0.9973276951318989,0.7366053839592263,1e-5
178,1.0036992462420944,0.7364097069167197,1e-5
179,1.009998608476697,0.73668546203024,1e-5
180,1.0161955106875202,0.7374217146191787,1e-5
181,1.022200872867555,0.7386417213266698,1e-5
182,1.0280169934442605,0.7402880823544703,1e-5
183,1.0335821788069273,0.7423723937218374,1e-5
184,1.0388524432562252,0.7448633440368545,1e-5
185,1.0437768707979125,0.7477478660293266,1e-5
186,1.0483255312125683,0.7510166618179959,1e-5
187,1.0524715295845368,0.7546294792422235,1e-5
188,1.0561375120300762,0.7585973893453932,1e-5
189,1.0593295197306356,0.7628500715420442,1e-5
190,1.061997963277511,0.7673774691361984,1e-5
191,1.0641454921222493,0.7721171503389753,1e-5
192,1.0657477757847138,0.7770718361005844,1e-5
193,1.0667916761004395,0.782170360415014,1e-5
194,1.067273432461001,0.7874083930532039,1e-5
195,1.0671858806381418,0.7926942037034292,1e-5
196,1.0665271919849915,0.7980234505548813,1e-5
197,1.0653124647164625,0.8033109000218902,1e-5
198,1.0635770292631117,0.808549226727177,1e-5
199,1.0613096361856447,0.8137047815180971,1e-5
200,1.058546022914154,0.8187020332452384,1e-5
201,1.055314246599886,0.8234916626210317,1e-5
202,1.0516669241661292,0.8280350581967044,1e-5
203,1.047625494436847,0.8323129722370497,1e-5
204,1.0432491384017342,0.8362603984545146,1e-5
205,1.0385603853872798,0.8398847166901648,1e-5
206,1.03361178284783,0.8431256174450276,1e-5
207,1.0284643598042729,0.8459621913118813,1e-5
208,1.0231583532231232,0.8483689414447028,1e-5
209,1.0177314145594738,0.8503071927161329,1e-5
210,1.0122496477563032,0.8518192104967917,1e-5
211,1.006761609954944,0.8528571062413424,1e-5
212,1.0013218078598498,0.8534366391955093,1e-5
213,0.9959458727011969,0.8535621697890612,1e-5
214,0.9906849396725631,0.8532116214334452,1e-5
215,0.9856218847999672,0.8524169609527451,1e-5
216,0.9807553177992746,0.8511769609599918,1e-5
217,0.9761116914583768,0.8495426821880028,1e-5
218,0.9717451258579701,0.8475032120542692,1e-5
219,0.9676783476976679,0.845097828188582,1e-5
220,0.9639469948061878,0.842377180123064,1e-5
221,0.9605348731066303,0.8393525141726744,1e-5
222,0.9575006690539877,0.8360445465173549,1e-5
223,0.9548698630960607,0.832489414232269,1e-5
224,0.9526229638574277,0.8287340313189431,1e-5
225,0.9507927312883507,0.8248165681317049,1e-5
226,0.9493483849273489,0.8207415072884366,1e-5
227,0.9483553178855008,0.8165947852867755,1e-5
228,0.9477654456658776,0.8123846592605973,1e-5
229,0.9475909643180528,0.8081145949701771,1e-5
230,0.9478263819749518,0.8038744944299221,1e-5
231,0.9484504839716531,0.7996774387706668,1e-5
232,0.9494676402251128,0.7955516555514356,1e-5
233,0.9508547579812298,0.7915276384538661,1e-5
234,0.9525840283820003,0.7876497568233345,1e-5
235,0.954671255766856,0.7839322815942801,1e-5
236,0.9570713271805392,0.7803900650328892,1e-5
237,0.9597896080569575,0.7770371392344033,1e-5
238,0.9627522003856942,0.7739102489264404,1e-5
239,0.9659790645194167,0.7710291203443386,1e-5
240,0.9694519841205902,0.768402745709725,1e-5
241,0.9731112129457,0.7660531509413038,1e-5
242,0.9769381390028055,0.7639964675131452,1e-5
243,0.9809193437835803,0.7622357626633065,1e-5
244,0.9850051709929556,0.7607891554092804,1e-5
245,0.989172006875952,0.7596426211341809,1e-5
246,0.9933945295863685,0.7588162710589504,1e-5
247,0.9976158776119776,0.7583290777188414,1e-5
248,1.00183354458825,0.7581373828669494,1e-5
249,1.0059820131595802,0.7582628099459063,1e-5
250,1.01006216192611,0.7587180521653373,1e-5
251,1.014032268240249,0.7594870081321945,1e-5
252,1.0178498139596357,0.760542803688593,1e-5
253,1.0215128632063293,0.7619078690570371,1e-5
254,1.0249494183856802,0.7635459995588136,1e-5
255,1.0281653717251857,0.7654302949080788,1e-5
256,1.031142037097332,0.7675853656695666,1e-5
257,1.0338412353407438,0.7699779443882897,1e-5
258,1.036254134607493,0.7725857008456571,1e-5
259,1.0383374183959968,0.7753792954525662,1e-5
260,1.0400964167270486,0.7783549996689679,1e-5
261,1.0415032258647299,0.7814740812231104,1e-5
262,1.0425778640817174,0.7847163679522415,1e-5
263,1.0432765027487882,0.7880547631862942,1e-5
264,1.0436308805542136,0.791470689038429,1e-5
265,1.0436227018573059,0.7949253363265603,1e-5
266,1.0432458951901673,0.7983874308519759,1e-5
267,1.042517857458476,0.8018350654321312,1e-5
268,1.0414258304419421,0.8052455762635131,1e-5
269,1.040036162495087,0.8085893820775504,1e-5
270,1.038321707095524,0.8118302522240471,1e-5
271,1.0362914555486717,0.8149393019291976,1e-5
272,1.0339884054676045,0.8178921482764827,1e-5
273,1.0314425474102882,0.8206600596378981,1e-5
274,1.0286716209933944,0.8232490654460497,1e-5
275,1.0256781957290309,0.8256158488847922,1e-5
276,1.0225483849196335,0.8277303092664382,1e-5
277,1.0192601393750336,0.8295888854102808,1e-5
278,1.0158627474956166,0.831189183413178,1e-5
279,1.0123885862090327,0.8324930881196497,1e-5
280,1.0088476688103238,0.8335191601069478,1e-5
281,1.0052856045071217,0.8342503344670895,1e-5
282,1.0017278584099418,0.8346970734236283,1e-5
283,0.9982066632193343,0.8348561375687508,1e-5
284,0.9947512406904365,0.834707430538458,1e-5
285,0.9914084688210795,0.8342751800521688,1e-5
286,0.9881777353124505,0.8335592049500004,1e-5
287,0.985104752014235,0.8325591845354634,1e-5
288,0.9821829814678246,0.8313222710069582,1e-5
289,0.9794521049433015,0.8298548026160238,1e-5
290,0.9769372161367507,0.8281503473439029,1e-5
291,0.9746226442041063,0.8262406630994494,1e-5
292,0.9725566725120329,0.8241428593062633,1e-5
293,0.970730630853867,0.8218861236482204,1e-5
294,0.9691639416913842,0.8194782525934915,1e-5
295,0.9678776978599339,0.8169434695176397,1e-5
296,0.9668654163438472,0.8143060939177034,1e-5
297,0.9660948455122998,0.811612574258548,1e-5
298,0.9656364779968757,0.8088579308328726,1e-5
299,0.9654498185534154,0.806066850937264,1e-5
300,0.9655299523818618,0.8032624601577077,1e-5
301,0.9658924011594111,0.8005122097411733,1e-5
302,0.9665125527431723,0.7977815813398247,1e-5
303,0.9673739531506403,0.7950948538008346,1e-5
304,0.968487599829353,0.7924986662640486,1e-5
305,0.9698179146467669,0.7899871924955204,1e-5
306,0.971371399572715,0.7875943557969841,1e-5
307,0.9731286581380175,0.7853274073860167,1e-5
308,0.9750963515260026,0.7832169672369992,1e-5
309,0.9772292775135832,0.7812404542372026,1e-5
310,0.9795030276041867,0.7794547584564269,1e-5
311,0.9819047479022405,0.7778725782811824,1e-5
312,0.9844186534064825,0.7764681821433933,1e-5
313,0.9870504051786361,0.7752601220587959,1e-5
314,0.9897392413347611,0.7742656032706808,1e-5
315,0.9924910909550249,0.7734605130418214,1e-5
316,0.9952602814075984,0.7729005957519353,1e-5
317,0.9980449375191361,0.7725157069030197,1e-5
318,1.0008323508756682,0.772367777558136,1e-5
319,1.003567673873279,0.772412636093599,1e-5
320,1.006263481467089,0.7726996016946343,1e-5
321,1.0088909278385167,0.7731786512838769,1e-5
322,1.011409167966683,0.7738687895109291,1e-5
323,1.013822889344419,0.7747580065287664,1e-5
324,1.0160977432080132,0.7758379394885935,1e-5
325,1.0182173989975412,0.7770835580336843,1e-5
326,1.020187213683625,0.7785091018728835,1e-5
327,1.021948407838998,0.7800817667363691,1e-5
328,1.0235414334972752,0.7817794137696438,1e-5
329,1.0249292795964444,0.7836115528348194,1e-5
330,1.0261081670896846,0.7855704248047026,1e-5
331,1.027060692038618,0.7876226123891471,1e-5
332,1.0277847018896384,0.7897677788300816,1e-5
333,1.0282848825772977,0.7919618411092177,1e-5
334,1.0285072454503146,0.7942022111374112,1e-5
335,1.028519209677806,0.7964647094209474,1e-5
336,1.0283018528912795,0.7987462706054874,1e-5
337,1.027843537337551,0.8010039295970294,1e-5
338,1.0271719515066335,0.8032287056417404,1e-5
339,1.0262830152638756,0.8053916177095949,1e-5
340,1.0251790074555416,0.8074951521730048,1e-5
341,1.0238858241545896,0.8095214117734133,1e-5
342,1.0224256362169388,0.8114648415125381,1e-5
343,1.020787596686356,0.8132746346565739,1e-5
344,1.0189977271397217,0.8149610912793587,1e-5
345,1.0170836322325965,0.8165141682988586,1e-5
346,1.0150532803020473,0.8178882861825622,1e-5
347,1.0129310119714348,0.8191313482134354,1e-5
348,1.0107430899326577,0.8201826783082468,1e-5
349,1.0084704918253027,0.8210883885405927,1e-5
350,1.0061713210284031,0.8217829162763901,1e-5
351,1.0038596040810908,0.8222739245010238,1e-5
352,1.0015388425743907,0.8225758852564488,1e-5
353,0.9992400248170499,0.8227036552300688,1e-5
354,0.9969729255733303,0.8226470316207728,1e-5
355,0.9947783295015089,0.8223889680913571,1e-5
356,0.9926572748163283,0.8219670244816853,1e-5
357,0.9906330892944905,0.8213613482018179,1e-5
358,0.988701610524272,0.8205911192199118,1e-5
359,0.9869035925857297,0.8196752341323076,1e-5
360,0.9852286785069356,0.8185988806429507,1e-5
361,0.9836910584526093,0.817393734822279,1e-5
362,0.9822904947773492,0.8160433691128837,1e-5
363,0.9810689057521951,0.8145829035768505,1e-5
364,0.9800096934219645,0.8130433114830375,1e-5
365,0.9791288888115166,0.811419907239636,1e-5
366,0.9784121143229909,0.8097362473877803,1e-5
367,0.9778993313988151,0.8079970098221557,1e-5
368,0.9775301124149456,0.8062252781695269,1e-5
369,0.9773603120033358,0.8044189481754503,1e-5
370,0.9773771845294277,0.8025968019141886,1e-5
371,0.9775648468768993,0.8007912935501843,1e-5
372,0.977933245160851,0.7990046086436005,1e-5
373,0.9784860133211406,0.7972481089208084,1e-5
374,0.9791783785269526,0.7955108040701959,1e-5
375,0.9800526296571741,0.7938495948179709,1e-5
376,0.9810701385367201,0.7922698200672172,1e-5
377,0.9822153381446312,0.7907689671704645,1e-5
378,0.983476506408548,0.7893647508815764,1e-5
379,0.9848456063213512,0.7880592406030793,1e-5
380,0.9863302098681471,0.7868629700241899,1e-5
381,0.9878752365359033,0.7857853859654258,1e-5
382,0.9895244160336266,0.7848388043287517,1e-5
383,0.9912381359632365,0.7839997188340616,1e-5
384,0.9930015341471052,0.7833224675320325,1e-5
385,0.99480937121314,0.7827720123652392,1e-5
386,0.9966232823650916,0.7823805828494649,1e-5
387,0.9984299015282847,0.7821120267185641,1e-5
388,1.0002518175545208,0.7819730496911241,1e-5
389,1.0020527251949551,0.7820115197854421,1e-5
390,1.0038140863730185,0.7821692607201335,1e-5
391,1.0055321375435586,0.7824647961102963,1e-5
392,1.0071922378104596,0.7829067107524483,1e-5
393,1.0087690082300464,0.7834580289555845,1e-5
394,1.0102476107205287,0.7841391139723086,1e-5
395,1.0116508742619525,0.7849230871596349,1e-5
396,1.0129215358733175,0.7858310533807674,1e-5
397,1.0140989128996705,0.7868373321349483,1e-5
398,1.0151566512624297,0.7879500209358478,1e-5
399,1.0160704789989037,0.7891524775851679,1e-5
400,1.0168499725942477,0.7904162240666923,1e-5
401,1.0174841320896917,0.7917545483716293,1e-5
402,1.017970860003226,0.7931322823801841,1e-5
403,1.0183126494301975,0.794569138663509,1e-5
404,1.0184954836042008,0.7960256463185734,1e-5
405,1.0185227621505117,0.7975195484060373,1e-5
406,1.0184008478493556,0.7989951919563012,1e-5
407,1.0181033096266776,0.8004497580346064,1e-5
408,1.0176881220913927,0.8019008999560848,1e-5
409,1.017137418650232,0.8033275271262513,1e-5
410,1.0164483996956057,0.8047163690287581,1e-5
411,1.0156254109690486,0.8060279142494918,1e-5
412,1.0146835195298403,0.8072947889610009,1e-5
413,1.0136445176111868,0.8084880800202239,1e-5
414,1.012504837159776,0.8095853040838288,1e-5
415,1.011277412796729,0.810579151155038,1e-5
416,1.0099677791264372,0.8114788543777742,1e-5
417,1.0086176523279302,0.8122817452754818,1e-5
418,1.007212950092642,0.8129969063488096,1e-5
419,1.0057566675711511,0.8135861557489698,1e-5
420,1.0042569240869847,0.8140463235551082,1e-5
421,1.0027613735568668,0.8143958477644078,1e-5
422,1.001254839593103,0.8146475814702839,1e-5
423,0.9997585312238563,0.8147504491098158,1e-5
424,0.9982951686182151,0.8147305152440871,1e-5
425,0.9968522312230368,0.8146020704857181,1e-5
426,0.9954755332284263,0.8143453556496951,1e-5
427,0.9941431907648474,0.813975933674488,1e-5
428,0.9928803975277318,0.8134876418239917,1e-5
429,0.9917058228870382,0.8129024356489248,1e-5
430,0.9905762000114271,0.8122246907929699,1e-5
431,0.9895534181607141,0.8114755027018653,1e-5
432,0.9886337169804507,0.8106292127612308,1e-5
433,0.987793724145737,0.8096991682781682,1e-5
434,0.9870751591946345,0.8087363573986057,1e-5
435,0.9864493685678019,0.8077023890778353,1e-5
436,0.9859516347774,0.8066245612487052,1e-5
437,0.9855641132448592,0.8054928218376576,1e-5
438,0.9852963147656525,0.8043390566861085,1e-5
439,0.9851733766417992,0.8031758890650521,1e-5
440,0.9851606084049291,0.8020034830878423,1e-5
441,0.9852680810632842,0.800812039964109,1e-5
442,0.9854831415199717,0.7996225702163645,1e-5
443,0.9858046069531636,0.7984739790845213,1e-5
444,0.9862403333167388,0.7973450874607599,1e-5
445,0.9867631969542252,0.796241922064957,1e-5
446,0.9873876159956642,0.7951919052737408,1e-5
447,0.988101522473765,0.7941945991209965,1e-5
448,0.988899128929533,0.793267913766668,1e-5
449,0.9897890230988687,0.7923803072470393,1e-5
450,0.9907477566398577,0.7915676850136261,1e-5
451,0.9917702306221173,0.7908377426550367,1e-5
452,0.9928320156938716,0.7901789882925108,1e-5
453,0.9939524052018311,0.789628979752887,1e-5
454,0.9951143018517259,0.7891451984671071,1e-5
455,0.9962999744676944,0.7887591602600924,1e-5
456,0.9974966391456653,0.7884699209718194,1e-5
457,0.9987224570320473,0.7882606856102155,1e-5
458,0.9999214161387996,0.7881421821477543,1e-5
459,1.0011145746536578,0.7881469547068868,1e-5
460,1.002293340577159,0.7882155481162758,1e-5
461,1.0034326440369088,0.7884122464857939,1e-5
462,1.0045223683513593,0.7886807588401256,1e-5
463,1.0055681896695858,0.7890410795179503,1e-5
464,1.0065648515632146,0.7894936107655725,1e-5
465,1.0074892739225467,0.7900138643825054,1e-5
466,1.0083693390906465,0.7906098383950835,1e-5
467,1.009149314028341,0.7912581041464237,1e-5
468,1.009846869929701,0.7919798377721226,1e-5
469,1.0104577964280756,0.7927539358406586,1e-5
470,1.0109717692351894,0.793575774032198,1e-5
471,1.0113972523201922,0.7944601483850101,1e-5
472,1.0117374992630113,0.7953620149107787,1e-5
473,1.0119523770790058,0.7962871251828776,1e-5
474,1.0120816199954348,0.7972399139612542,1e-5
475,1.012109785446877,0.7982231757367299,1e-5
476,1.0120417682469114,0.7991776674317171,1e-5
477,1.0118798436713992,0.8001299648818332,1e-5
478,1.0116278348568997,0.8010828431079339,1e-5
479,1.0112865864821317,0.801998110425978,1e-5
480,1.0108584478975002,0.8029063970299664,1e-5
481,1.010330914138192,0.8037877824142357,1e-5
482,1.0097473116415674,0.8046411648643921,1e-5
483,1.0090833918624547,0.8054259410190239,1e-5
484,1.0083535170266396,0.8061582386251791,1e-5
485,1.0075455981757802,0.8068149530118447,1e-5
486,1.0067061345106743,0.8074179324818028,1e-5
487,1.0058248919274282,0.8079382857242255,1e-5
488,1.0048942759809494,0.8083978862096737,1e-5
489,1.0039618731865494,0.8087825535453553,1e-5
490,1.0029925917636242,0.8091037816748061,1e-5
491,1.0020162307949376,0.8093473775778885,1e-5
492,1.0010622530902855,0.8094993146518235,1e-5
493,1.0000869902316312,0.8095801363721833,1e-5
494,0.9991422772548741,0.8095794840793131,1e-5
495,0.9982014693731797,0.8095179159417081,1e-5
496,0.99727670961827,0.8093888734233874,1e-5
497,0.9964014542443793,0.8091577112638847,1e-5
498,0.9955652362648628,0.8088643990877027,1e-5
499,0.9947741617274883,0.8085047870853608,1e-5
500,0.9940428032212424,0.8080687645555177,1e-5
501,0.9933539414922464,0.8075848901846177,1e-5
502,0.9927225732172117,0.8070377649911655,1e-5
503,0.9921682279144773,0.8064491274152701,1e-5
504,0.99165828126344,0.8058279405733789,1e-5
505,0.9912482886568712,0.8051799036440779,1e-5
506,0.9909151859548256,0.8044707638413902,1e-5
507,0.9906801906919488,0.8037682393722014,1e-5
508,0.9904793505730537,0.8030238330198792,1e-5
509,0.9903663338205189,0.8022611726917782,1e-5
510,0.9903354874900239,0.8014756820545024,1e-5
511,0.9903836235493021,0.800718587352568,1e-5
512,0.9905012929697464,0.7999469569487556,1e-5
513,0.9907087022427941,0.7991960947327824,1e-5
514,0.9909559602798752,0.7984558234142591,1e-5
515,0.9913047617526718,0.7977478495595859,1e-5
516,0.9917046106358695,0.7970614010063356,1e-5
517,0.9921485950184187,0.7964032088551577,1e-5
518,0.9926517008655878,0.7957733402623415,1e-5
519,0.9932265030328673,0.7951772132764808,1e-5
520,0.9938427365087229,0.7946428835526294,1e-5
521,0.9944980857873579,0.7941718228792974,1e-5
522,0.9951769062761416,0.793740937657954,1e-5
523,0.9958949010300575,0.7933555006420369,1e-5
524,0.9966430291880931,0.7930196163512817,1e-5
525,0.9973925037805608,0.7927484571719908,1e-5
526,0.9981852987414664,0.7925423059592327,1e-5
527,0.9989692573032067,0.7923965847408494,1e-5
528,0.9997541136452921,0.7923053922461506,1e-5
529,1.00053988084333,0.7922917575902815,1e-5
530,1.0012922532630228,0.7923350774369646,1e-5
531,1.00204102087401,0.7924430445057077,1e-5
532,1.0027721744211846,0.7925986539076888,1e-5
533,1.0034699249913586,0.792828741559251,1e-5
534,1.0041182750695865,0.793094087918743,1e-5
535,1.0047181141651764,0.7934252837493336,1e-5
536,1.005283169053764,0.7938174218830288,1e-5
537,1.0058038229870239,0.7942330895980403,1e-5
538,1.0062568554704845,0.7946882244075405,1e-5
539,1.0066688653406595,0.7951809399974913,1e-5
540,1.0070248606262235,0.795707892078,1e-5
541,1.0073145467794693,0.7962595606853753,1e-5
542,1.007563016121134,0.7968453146832133,1e-5
543,1.0077307725761286,0.7974310514551644,1e-5
544,1.0078404405968886,0.7980372910296699,1e-5
545,1.0078712968663741,0.7986721708388221,1e-5
546,1.0078419328661636,0.7992833456915804,1e-5
547,1.0077737907580573,0.7998863642561221,1e-5
548,1.007634286334177,0.800518351671208,1e-5
549,1.0074218943906414,0.8011339331729643,1e-5
550,1.0071625112058635,0.8017389325489703,1e-5
551,1.0068479371770063,0.8023107301200353,1e-5
552,1.006486545083701,0.8028681536912304,1e-5
553,1.0060579311763977,0.8033749298644091,1e-5
554,1.0055981038619417,0.8038588692440576,1e-5
555,1.0050876124587527,0.80430971709489,1e-5
556,1.0045389782417746,0.804720530972142,1e-5
557,1.0039673416106427,0.8050953635129632,1e-5
558,1.0034003670177873,0.8054056125541463,1e-5
559,1.0028003057071453,0.805687731519511,1e-5
560,1.0021730749258637,0.8059088122510456,1e-5
561,1.0015531068050432,0.8060638876961068,1e-5
562,1.0009082339220763,0.8061747095925983,1e-5
563,1.000285974112916,0.806246022080109,1e-5
564,0.999650225454966,0.8063009190739453,1e-5
565,0.9990268466090588,0.8062682792271137,1e-5
566,0.9984230714658358,0.8061741327099123,1e-5
567,0.9978430236744869,0.806046043178564,1e-5
568,0.9972874552006286,0.8058623572489636,1e-5
569,0.9967466835659791,0.8056368293277144,1e-5
570,0.9962420092237494,0.8053877206737108,1e-5
571,0.9957959306780877,0.8050834877916205,1e-5
572,0.995369857569288,0.804741734724056,1e-5
573,0.9949907460366108,0.804370096881222,1e-5
574,0.9946585090116409,0.8039597006822281,1e-5
575,0.9943624442393286,0.8035422371092458,1e-5
576,0.9941168466852295,0.8030922661494222,1e-5
577,0.9939258404289708,0.8026102161627344,1e-5
578,0.993793060201871,0.8021244289588383,1e-5
579,0.9937193020337439,0.801627729750569,1e-5
580,0.9936790609449847,0.8011270345345081,1e-5
581,0.9936808336623937,0.8006122880779123,1e-5
582,0.9937506791916231,0.8001030366468705,1e-5
583,0.993863985644335,0.7996018743742,1e-5
584,0.9940190160639417,0.7990910506296116,1e-5
585,0.9942317599448683,0.7986207319509618,1e-5
586,0.9944707033417339,0.7981748923686566,1e-5
587,0.994766030967687,0.797746974195098,1e-5
588,0.9950847141087453,0.7973311037121257,1e-5
589,0.9954471142762337,0.796946877753971,1e-5
590,0.9958359209925958,0.7965839359710188,1e-5
591,0.9962412531170239,0.7962444559120488,1e-5
592,0.9966915386247891,0.7959381045604504,1e-5
593,0.9971618989206396,0.7956700922531115,1e-5
594,0.9976563310503375,0.7954559579214351,1e-5
595,0.9981482087943435,0.7952664590129087,1e-5
596,0.9986720511941789,0.7950972030368715,1e-5
597,0.9991850051533929,0.7950122652415844,1e-5
598,0.9997215946447128,0.7949490381049018,1e-5
599,1.0002234806801473,0.7949285608721578,1e-5
600,1.0007197395733636,0.7949608541625259,1e-5
601,1.001201546865853,0.7950217997570795,1e-5
602,1.0016821037333663,0.7951097502506508,1e-5
603,1.0021467678817257,0.7952360166588749,1e-5
604,1.002587463800896,0.7954177019891014,1e-5
605,1.0029851116503885,0.7956345933905601,1e-5
606,1.003358179654394,0.7958750427338628,1e-5
607,1.0037066898499876,0.7961380399075942,1e-5
608,1.0040225898087631,0.7964208392775114,1e-5
609,1.0042998088410842,0.7967494646209844,1e-5
610,1.0045181528566265,0.7970771723983215,1e-5
611,1.004709365488169,0.7974214131517224,1e-5
612,1.0048780034819513,0.7977870187564873,1e-5
613,1.004980699660472,0.7981698038543714,1e-5
614,1.0050606143476606,0.7985759161162148,1e-5
615,1.0050909814053077,0.7989916574826517,1e-5
616,1.00509397463956,0.799402046171352,1e-5
617,1.0050431508975415,0.7998287962251519,1e-5
618,1.004957343221982,0.8002139129804664,1e-5
619,1.0048341689457392,0.8005912620415241,1e-5
620,1.004674501051666,0.8009740591132113,1e-5
621,1.0044895310729791,0.8013585694832368,1e-5
622,1.0042556094017707,0.8017264029917499,1e-5
623,1.004011003251749,0.8020597449935234,1e-5
624,1.0037171367163684,0.8023879592016816,1e-5
625,1.0034046645623822,0.802691705525678,1e-5
626,1.0030802992912549,0.802968865957306,1e-5
627,1.002731219457956,0.8032224334548,1e-5
628,1.0023576586187253,0.8034456719731138,1e-5
629,1.0019779279391783,0.8036250744356972,1e-5
630,1.0015640148519538,0.8037899451444661,1e-5
631,1.0011519014679282,0.8039163991377886,1e-5
632,1.000744158630431,0.8040165353362929,1e-5
633,1.0003246852497747,0.8040732414819809,1e-5
634,0.9999114690221181,0.8041099787319986,1e-5
635,0.9995065382026317,0.8041171899428328,1e-5
636,0.9991048103730956,0.8040887665075005,1e-5
637,0.998723017532841,0.8040229061498207,1e-5
638,0.9983508946786473,0.8039174350104146,1e-5
639,0.9979916345442662,0.8037871545133712,1e-5
640,0.9976542552193446,0.8036351569225664,1e-5
641,0.9973373039161356,0.8034459408558602,1e-5
642,0.9970418963116647,0.8032306242565433,1e-5
643,0.9967780889479583,0.8029698829515847,1e-5
644,0.9965326398125225,0.8027104483284514,1e-5
645,0.9963289887040073,0.8024201110101087,1e-5
646,0.9961411013461628,0.8021219979887445,1e-5
647,0.9960131355135637,0.8018301996252386,1e-5
648,0.9959098800468518,0.801525452638941,1e-5
649,0.9958402567504,0.8011987744353042,1e-5
650,0.9958069750151034,0.8008567905434971,1e-5
651,0.9958046469035678,0.8005300737672777,1e-5
652,0.9958279196958102,0.8001910070742022,1e-5
653,0.9958805144515731,0.7998607044821463,1e-5
654,0.9959806849263398,0.7995376864943717,1e-5
655,0.9960945955618232,0.7992173994571906,1e-5
656,0.9962409124471114,0.7989052688928127,1e-5
657,0.9964382994142954,0.7985999181547201,1e-5
658,0.9966559560622927,0.7983079840892557,1e-5
659,0.9968864637798648,0.7980454136092998,1e-5
660,0.9971365995709247,0.7977799096308898,1e-5
661,0.9974277286187575,0.7975550768697142,1e-5
662,0.9977170687328244,0.7973299832719213,1e-5
663,0.9980480373467191,0.7971818620252272,1e-5
664,0.9983703389081636,0.7970347531694477,1e-5
665,0.9987111660655321,0.7968978454725042,1e-5
666,0.9990432131966148,0.7967778673635829,1e-5
667,0.9993768698157833,0.7967078568065395,1e-5
668,0.9997154266697172,0.7966560694198398,1e-5
669,1.000054288819838,0.7966147620429384,1e-5
670,1.0004001214576015,0.7966046518415787,1e-5
671,1.0007297007958893,0.7966321400684009,1e-5
672,1.0010499419387051,0.7967048700385122,1e-5
673,1.0013529594188533,0.7967806884481374,1e-5
674,1.0016330337955177,0.796880432661041,1e-5
675,1.0019011241063314,0.7970146453907557,1e-5
676,1.002153502310173,0.7971692081866512,1e-5
677,1.002392564030653,0.797326543137995,1e-5
678,1.0026046775128028,0.7975261597433253,1e-5
679,1.0028095074177836,0.7977539453214839,1e-5
680,1.002978360098285,0.7979631166160388,1e-5
681,1.0031152263090872,0.7982048636517305,1e-5
682,1.0032518019139802,0.7984546226220939,1e-5
683,1.0033529985235403,0.7987219450621477,1e-5
684,1.0034022668102835,0.7989880452858763,1e-5
685,1.0034485823464585,0.7992686432978011,1e-5
686,1.0034573986911421,0.7995490488135903,1e-5
687,1.003428348622648,0.7998122909439441,1e-5
688,1.0033913360954319,0.8000722922856309,1e-5
689,1.003306636645809,0.8003499133399344,1e-5
690,1.00319255625286,0.8006090412710937,1e-5
691,1.0030555747174654,0.8008708468467516,1e-5
692,1.0029113888441095,0.8011197777648422,1e-5
693,1.0027451124039153,0.801358587340684,1e-5
694,1.0025602213263498,0.8015588826649266,1e-5
695,1.0023511102665872,0.8017652241176245,1e-5
696,1.0021342868334753,0.8019418531018461,1e-5
697,1.0018919142339664,0.8021022740657673,1e-5
698,1.0016539516258252,0.8022668156625394,1e-5
699,1.0014016381628437,0.8023872826791248,1e-5
700,1.0011390227504,0.8025112528346671,1e-5
701,1.000866484436865,0.8025969995987812,1e-5
702,1.0005783535639645,0.8026598903517483,1e-5
703,1.0003077854155065,0.8027019958615681,1e-5
704,1.0000336212123098,0.8027396513162572,1e-5
705,0.9997647577721949,0.8027559969520967,1e-5
706,0.9994769108494228,0.8027343059783888,1e-5
707,0.9992147302709243,0.8026981017106796,1e-5
708,0.9989491329690116,0.8026431301071482,1e-5
709,0.9987091668710766,0.8025614210469763,1e-5
710,0.9984842235885846,0.8024566601755492,1e-5
711,0.9982784549834347,0.8023415079856189,1e-5
712,0.9980775768182579,0.8022137850533467,1e-5
713,0.9978979240323602,0.8020662531296312,1e-5
714,0.9977277444299709,0.8019134570284853,1e-5
715,0.9975821354725111,0.8017397202242328,1e-5
716,0.9974558232947829,0.8015430741221821,1e-5
717,0.9973605069277434,0.8013233012339952,1e-5
718,0.9972859602732372,0.8011157281675007,1e-5
719,0.9972018704501555,0.8009019859495878,1e-5
720,0.9971460460654944,0.8006844812420153,1e-5
721,0.9971301703293813,0.8004490202112092,1e-5
722,0.9971425605813468,0.8002330354968571,1e-5
723,0.9971699558785427,0.8000099547878229,1e-5
724,0.9972288154951281,0.799771753254566,1e-5
725,0.99728943679894,0.7995301958878482,1e-5
726,0.9973958669298599,0.7993131307545219,1e-5
727,0.997534827732774,0.799110715729885,1e-5
728,0.9976812157986626,0.7989270650082524,1e-5
729,0.9978295214652102,0.7987469120418985,1e-5
730,0.9980065615648258,0.7985872392560469,1e-5
731,0.9981949718182953,0.7984322572781201,1e-5
732,0.9983788162691305,0.7982954336091728,1e-5
733,0.998586370335291,0.7981723577547704,1e-5
734,0.9988013452756579,0.7980575073620759,1e-5
735,0.9990185374016921,0.7979687214630592,1e-5
736,0.999242792194654,0.7978821027318425,1e-5
737,0.9994666526502711,0.7978084952190072,1e-5
738,0.9996866771838236,0.7977644982036542,1e-5
739,0.9998984404874224,0.7977226169969861,1e-5
740,1.000139212294692,0.7977087491757285,1e-5
741,1.000347067723357,0.7977187256298811,1e-5
742,1.000581541265124,0.7977530344150489,1e-5
743,1.000799144736816,0.7978112645050608,1e-5
744,1.0009944825161614,0.7978823180642745,1e-5
745,1.0011806810231092,0.7979616737076649,1e-5
746,1.0013832574662376,0.7980655818721536,1e-5
747,1.0015569435186422,0.7981648916105026,1e-5
748,1.001701690362568,0.7983120025407853,1e-5
749,1.0018257526234975,0.7984499953186427,1e-5
750,1.0019533800748182,0.7986059601157345,1e-5
751,1.0020648035769566,0.7987603269228477,1e-5
752,1.0021394356460256,0.798922182668534,1e-5
753,1.0021955467345505,0.7990993776155653,1e-5
754,1.0022530029159313,0.7992960957540007,1e-5
755,1.002282051495431,0.7994674295836715,1e-5
756,1.0022999296359159,0.7996589197569314,1e-5
757,1.0022856292330746,0.79982725713271,1e-5
758,1.002264739034691,0.8000213594326976,1e-5
759,1.0022142498142084,0.8002079058210105,1e-5
760,1.0021462712374882,0.8003919149941411,1e-5
761,1.0020628051609846,0.8005602540500889,1e-5
762,1.0019664391849405,0.8007225599793124,1e-5
763,1.0018487248069787,0.8008768578318209,1e-5
764,1.001723752543583,0.8010269928746689,1e-5
765,1.0016016659868459,0.801151490128004,1e-5
766,1.0014522517268671,0.8012861230684868,1e-5
767,1.0013119856363695,0.8014067501277071,1e-5
768,1.0011447143869843,0.8015088179731168,1e-5
769,1.0009748824595892,0.8016104584198417,1e-5
770,1.000792324376625,0.8016902436314438,1e-5
771,1.0006094764117082,0.8017610562800392,1e-5
772,1.000432180298084,0.8018127133333716,1e-5
773,1.0002414215745745,0.8018613127304391,1e-5
774,1.0000520611094224,0.8018964499122981,1e-5
775,0.999860745742092,0.8019067639038225,1e-5
776,0.9996574197155899,0.8018944730910773,1e-5
777,0.9994746686204586,0.8018594183132374,1e-5
778,0.9992889666494991,0.8018267757148207,1e-5
779,0.9991297711108433,0.8017567758369865,1e-5
780,0.9989758796266193,0.8016758791929459,1e-5
781,0.9988184140362821,0.8015990320573557,1e-5
782,0.9986754433262955,0.8015142510406961,1e-5
783,0.9985510600738153,0.8014134474254254,1e-5
784,0.9984336206743201,0.8012858152179404,1e-5
785,0.9983456665980031,0.8011626841793643,1e-5
786,0.9982602317808593,0.8010308375137427,1e-5
787,0.9982053212832592,0.8008844950480307,1e-5
788,0.9981453655893562,0.8007345658617205,1e-5
789,0.9980932192204512,0.8005942551551317,1e-5
790,0.9980738936121684,0.8004436711010793,1e-5
791,0.9980676264143314,0.8002843955298644,1e-5
792,0.9980695804214081,0.8001382692512029,1e-5
793,0.9980800522025026,0.7999882119825682,1e-5
794,0.9981116278564595,0.7998374415241517,1e-5
795,0.9981581422256164,0.7996811690329314,1e-5
796,0.9982444295640504,0.7995405619612996,1e-5
797,0.9983038935082617,0.7994014611081685,1e-5
798,0.9983929923438023,0.7992545078455217,1e-5
799,0.9985016081206463,0.799127366689346,1e-5
800,0.9986153785653419,0.7990273531293377,1e-5
1,1,1,0.01
2,0.9743952435344779,0.9976982251051671,0.01
3,0.9712176887144381,0.9958487270114228,0.01
4,0.95404846906433,1.0101330940748383,0.01
5,0.9394867152088437,0.9928407655166206,0.01
6,0.9156380814976505,0.9823761402160235,0.01
7,0.9127247452623894,0.9776867648986414,0.01
8,0.9021077147384309,0.9702608059120805,0.01
9,0.8829561324527598,0.9786318325210647,0.01
10,0.8742291220498138,0.9475113754964576,0.01
11,0.8705458583203842,0.9308665276627806,0.01
12,0.8507290052331876,0.9166363257805107,0.01
13,0.8330861535073473,0.895664691868734,0.01
14,0.8216471400981494,0.8638478748725632,0.01
15,0.8277098305093896,0.8499746321505627,0.01
16,0.8150441370483092,0.847868554017668,0.01
17,0.8184222246671992,0.8292360131799513,0.01
18,0.8279528867196958,0.822960265005376,0.01
19,0.8371166338488101,0.81568787375252,0.01
20,0.8440695998810394,0.8017825579862011,0.01
21,0.8434918351517765,0.785475620468558,0.01
22,0.8404101521007944,0.7711031128991067,0.01
23,0.8328671308804162,0.7804866497022747,0.01
24,0.849355943134688,0.7562110665628139,0.01
25,0.851605342367467,0.740152642735235,0.01
26,0.8670291001325282,0.7283354822690657,0.01
27,0.8780816002975623,0.7183652722673061,0.01
28,0.8869621770317159,0.723293100667787,0.01
29,0.8935132844885659,0.7302818589653358,0.01
30,0.8861581108633161,0.7283514648058161,0.01
31,0.8957634846294319,0.7222191898223593,0.01
32,0.9083946256979125,0.7096677941231826,0.01
33,0.9149325574898334,0.6929811019010327,0.01
34,0.9155627720935197,0.6901213753104155,0.01
35,0.9316510993502749,0.6848242239926986,0.01
36,0.9528776844312387,0.7006443725641498,0.01
37,0.9583327848501859,0.6742510852851973,0.01
38,0.9812397220244905,0.664349661155816,0.01
39,0.9880383525367322,0.673359036421161,0.01
40,0.9979396066970969,0.6603464109576281,0.01
41,1.0137303492285132,0.6588214400009643,0.01
42,1.0278213127462832,0.6635788288572722,0.01
43,1.0375644643856055,0.6718687577554056,0.01
44,1.0478745300730719,0.6777104163968131,0.01
45,1.0706540041856116,0.6853067380762135,0.01
46,1.078161448493619,0.7016367807747709,0.01
47,1.0970162169345923,0.7126048450800272,0.01
48,1.106862357242921,0.713239206943526,0.01
49,1.1277064689073277,0.7148584533652605,0.01
50,1.1563009579066084,0.7393137645118956,0.01
51,1.1573464905912851,0.7406051004675028,0.01
52,1.1534743846337345,0.7548270989063249,0.01
53,1.1526774688507768,0.7629363353632992,0.01
54,1.1439137707251943,0.7741343769729656,0.01
55,1.135731031384934,0.7685958173309021,0.01
56,1.132412357773999,0.7882180137219568,0.01
57,1.1249941870286477,0.8047346375078934,0.01
58,1.1054703613019574,0.8142377330315573,0.01
59,1.106758606985238,0.825837061442077,0.01
60,1.1025927097706916,0.828246522786657,0.01
61,1.0887188658228861,0.8265024403936914,0.01
62,1.0850781630496757,0.8243603301630008,0.01
63,1.0756829732446622,0.8288129144991476,0.01
64,1.0893940194296792,0.82856611804548,0.01
65,1.0866882031340315,0.8367526121066502,0.01
66,1.0711917128377315,0.8432931892865374,0.01
67,1.0794744914070695,0.8538117784742998,0.01
68,1.0723621626831437,0.8563724358360646,0.01
69,1.0442325548414242,0.8738827041221393,0.01
70,1.0209873001687861,0.8851475856944181,0.01
71,1.0309563201588143,0.8725663398921646,0.01
72,1.0298545985599676,0.8726455092958906,0.01
73,1.0060368078748996,0.8601040808945918,0.01
74,0.9838532893523242,0.8553142439817666,0.01
75,0.9641113433010741,0.8608123605504839,0.01
76,0.9799414572647527,0.8448527158611333,0.01
77,0.9838166661171522,0.8508484868405334,0.01
78,0.9824545616983436,0.8393877642431378,0.01
79,0.9777351186843891,0.835111068268566,0.01
80,0.980367464694036,0.8295273158254924,0.01
81,0.9876273785626549,0.8241529348163017,0.01
82,0.9960134740422487,0.812641471522745,0.01
83,0.982232226669201,0.844727909240112,0.01
84,0.9740193729901127,0.8462092917537614,0.01
85,0.9763903078730208,0.8391729806985384,0.01
86,0.9781951619389948,0.840881364400832,0.01
87,0.9724689493175048,0.8397007665381575,0.01
88,0.9688029623464902,0.8586735010921501,0.01
89,0.9563097708667335,0.8450347314668393,0.01
90,0.9532165673456655,0.8444475628569351,0.01
91,0.9542368816670986,0.8359132939611207,0.01
92,0.9410500184700683,0.8447197458232568,0.01
93,0.9344546604513885,0.8310849958552982,0.01
94,0.9304120957975094,0.8236658620871035,0.01
95,0.9406043068161379,0.8187815168984975,0.01
96,0.9474956039959579,0.8089253871505429,0.01
97,0.9497893342709497,0.801431314149167,0.01
98,0.9515530159569203,0.7884536405874378,0.01
99,0.9404656954114793,0.8046059543404928,0.01
100,0.9471594088663305,0.787303075128299,0.01
101,0.9432513201463627,0.7712881182932123,0.01
102,0.9690182410113513,0.7800352898075539,0.01
103,0.9689018450716588,0.7830505438647289,0.01
104,0.9670033027184806,0.7758529322055906,0.01
105,0.96209046207579485,0.7673467010970988,0.01
106,0.9824705275893125,0.763897443959619,0.01
107,0.9875543934817737,0.7649952463387615,0.01
108,1.0035818763616497,0.7588825250468891,0.01
109,0.9977113860002004,0.7759113167086945,0.01
110,0.9957487767154116,0.7685030808590936,0.01
111,0.9866070104047684,0.7553292158167529,0.01
112,0.9855387988438343,0.7604974623555775,0.01
113,1.000815450079614,0.7664735752157457,0.01
114,1.000517931198894,0.7671335766833848,0.01
115,0.9967499471593256,0.760001127308953,0.01
116,1.0096481293731623,0.749598197140645,0.01
117,1.0340950533100137,0.7494182232393768,0.01
118,1.0407659275704806,0.7445880916192653,0.01
119,1.0399405675268572,0.7344533127174924,0.01
120,1.044097063231113,0.7415765849799286,0.01
121,1.0525192459930313,0.7370313550652385,0.01
122,1.0501550470094307,0.7358802009859348,0.01
123,1.0707958152476804,0.7281979753866533,0.01
124,1.0751776727980213,0.7523769305363635,0.01
125,1.0776716629387675,0.7444347181686137,0.01
126,1.075337990550067,0.7550714662086134,0.01
127,1.0747930216905246,0.7551412592717006,0.01
128,1.0745674951432176,0.7616941554015046,0.01
129,1.0930662482731277,0.7664882668034677,0.01
130,1.1055027461856541,0.7799292266936505,0.01
131,1.1042525052186491,0.7728286741894078,0.01
132,1.0997393107015097,0.7759869021969285,0.01
133,1.1006579249756863,0.7967285288474488,0.01
134,1.1217329929223137,0.8202240434855581,0.01
135,1.1154018473064569,0.8126436022980156,0.01
136,1.1075293902563939,0.822913731819445,0.01
137,1.1110599179535132,0.8413877526859036,0.01
138,1.1108367004707427,0.8367794546659476,0.01
139,1.1127851046276132,0.8415884698793634,0.01
140,1.1073951169595553,0.8518258460139744,0.01
141,1.1035590391663168,0.8612207894784201,0.01
142,1.077842542353892,0.8775044688729986,0.01
143,1.0716710065849224,0.881678670498614,0.01
144,1.062563030597016,0.8893381367322079,0.01
145,1.0539509418833297,0.9113105672979298,0.01
146,1.0388916174492042,0.9179078274821719,0.01
147,1.0375180273124673,0.9320195297239479,0.01
148,1.0344948816179624,0.929741603130546,0.01
149,1.0403843109142288,0.9336157444933761,0.01
150,1.044311352865449,0.923877060483073,0.01
151,1.0306590696896196,0.940470030435901,0.01
152,1.008396995763681,0.9358265343741369,0.01
153,0.985145551700794,0.9260872147252175,0.01
154,0.9686452063709995,0.9280233549896383,0.01
155,0.9367096138912774,0.9272333612455019,0.01
156,0.9383439873495053,0.9417406056832947,0.01
157,0.9392126937359823,0.943501956251505,0.01
158,0.9096093480493266,0.9317515949339013,0.01
159,0.895749038886084,0.9303646705492546,0.01
160,0.8848825766755415,0.9080790431595336,0.01
161,0.894200515580351,0.9067393841151468,0.01
162,0.8889222961447356,0.9093272142841675,0.01
163,0.867791002388357,0.9058348193604866,0.01
164,0.8556722237984234,0.9006963232320563,0.01
165,0.8489176449533585,0.8940263806258689,0.01
166,0.8568558852843164,0.8805921204231598,0.01
167,0.8625789659273835,0.856102622121322,0.01
168,0.8528943572148414,0.8595301484747848,0.01
169,0.8541002556261686,0.826363746771987,0.01
170,0.8407004129989327,0.8122993106747124,0.01
171,0.8510026680575414,0.7983405836463869,0.01
172,0.8599217020925121,0.7960355757297956,0.01
173,0.8793822871950231,0.7854450122103416,0.01
174,0.8822637895817241,0.75843878052823,0.01
175,0.889001349325175,0.7437907091639092,0.01
176,0.8862318260413876,0.7337356703432673,0.01
177,0.9042703130871883,0.7054606087180563,0.01
178,0.9102777469896213,0.6998736292336933,0.01
179,0.9120933954151142,0.6969332347749457,0.01
180,0.9272119268752337,0.6904763697530432,0.01
181,0.9140579059523096,0.7111651067624587,0.01
182,0.9216960580368159,0.7115651377294538,0.01
183,0.9340281780346847,0.7162400345528581,0.01
184,0.9512605801037477,0.7094169368361777,0.01
185,0.9645863453240006,0.6965051915283416,0.01
186,0.983821733894132,0.6894282287062155,0.01
187,1.0191860892036473,0.6718023644148429,0.01
188,1.0272208575552548,0.6813450890515238,0.01
189,1.043951426308979,0.6773049584278782,0.01
190,1.045874722168258,0.6817265673718902,0.01
191,1.0571419831395246,0.6669511566865403,0.01
192,1.0703445018308115,0.6726645510184917,0.01
193,1.0842151885558087,0.6668462058665291,0.01
194,1.1015871102093833,0.6862477651325991,0.01
195,1.116442132786524,0.6818632731636025,0.01
196,1.1226749419550817,0.6932640707387356,0.01
197,1.1254329792939148,0.6801922203523246,0.01
198,1.144935721901575,0.680429297905213,0.01
199,1.1495713542983153,0.7053301551447458,0.01
200,1.1492740202919087,0.7243371891998829,0.01
201,1.1419317867106842,0.7316042375970239,0.01
202,1.145765027659955,0.7303015130135057,0.01
203,1.1440631044788865,0.7406583395086745,0.01
204,1.1542627789478699,0.7348230280492032,0.01
205,1.1547271761541589,0.753722676668834,0.01
206,1.151109499339504,0.7676577340219957,0.01
207,1.1562758623972902,0.7819361217605286,0.01
208,1.1612831616796564,0.7929288093275267,0.01
209,1.1542216536114112,0.7792859263427598,0.01
210,1.1521229872205043,0.7956070497260278,0.01
211,1.1544778097191941,0.8021572783186969,0.01
212,1.1684569617538167,0.8174130724554833,0.01
213,1.1637487835704494,0.8439056325185388,0.01
214,1.1476433597598978,0.8532210983566079,0.01
215,1.1621211621187646,0.8659296331867568,0.01
216,1.167026935472632,0.8655831185821427,0.01
217,1.1535695422095171,0.8838249271878729,0.01
218,1.1433570764433099,0.8873414235389246,0.01
219,1.1302852591663837,0.8892878842363634,0.01
220,1.1243750243229262,0.9117217453820957,0.01
221,1.0867665499199477,0.9354182214308612,0.01
222,1.0577534059396925,0.9480822153012683,0.01
223,1.047467208324971,0.9515588147247038,0.01
224,1.0241463730168774,0.9577288089863243,0.01
225,1.0118862328527252,0.9688744048928908,0.01
226,0.9740341441667912,0.9536622388904608,0.01
227,0.973876773447112,0.9616522617407159,0.01
228,0.9629955406994882,0.9662918998219715,0.01
229,0.9568661566634457,0.9361069609093771,0.01
230,0.9557707794696956,0.9272192958439414,0.01
231,0.9467631591524043,0.9201666991635221,0.01
232,0.9451139219131777,0.9117832978623034,0.01
233,0.9407716363977384,0.9028720271474405,0.01
234,0.9212802630657635,0.9096245689808232,0.01
235,0.9200402268026187,0.9197066506944788,0.01
236,0.9111495968802907,0.9236027246329951,0.01
237,0.921260850327919,0.9125816560419951,0.01
238,0.8991104179023296,0.9030025500103054,0.01
239,0.8895231564104351,0.8954090000650315,0.01
240,0.9001247889072479,0.8822553651350907,0.01
241,0.8982488292134645,0.8711669804030774,0.01
242,0.8938887280167447,0.8654433310174816,0.01
243,0.9032180027839021,0.8574731855240203,0.01
244,0.906903649244569,0.8569629890764292,0.01
245,0.9125739760912251,0.8432410308530371,0.01
246,0.9264923785726334,0.8320593424076753,0.01
247,0.9238263482762489,0.8399835747701364,0.01
248,0.9344808238807486,0.8226851944182029,0.01
249,0.9248547542331905,0.803714238210118,0.01
250,0.9277196818287996,0.7993231164936444,0.01
251,0.9327647419929909,0.7990671607176544,0.01
252,0.9280871190541472,0.7837576261350893,0.01
253,0.9411972317815832,0.7856320122752868,0.01
254,0.9285647774889388,0.7800608040545147,0.01
255,0.9227834273959339,0.7537809116381159,0.01
256,0.9299747330551718,0.7471683566964237,0.01
257,0.9352166842965347,0.7440978157513964,0.01
258,0.9504811302344904,0.7413332784250222,0.01
259,0.950834268014782,0.7303142872990926,0.01
260,0.9570771657027473,0.7298238135134498,0.01
261,0.9542183740338271,0.7248481141636633,0.01
262,0.9719358910401401,0.7204468407268259,0.01
263,0.9732292717334824,0.715665519178776,0.01
264,0.9931045168497604,0.7192500700765521,0.01
265,1.0136275455740515,0.7201450909742676,0.01
266,1.0255483449712868,0.7155419028555043,0.01
267,1.039739616577145,0.7123066585711683,0.01
268,1.0338254085754892,0.7164172675777061,0.01
269,1.061225524665621,0.726849721652072,0.01
270,1.0793414710262812,0.7348884544391243,0.01
271,1.078570927578748,0.7386967589895646,0.01
272,1.0807555494978631,0.7398137701470662,0.01
273,1.0925563423634004,0.7338145418768433,0.01
274,1.1064286775114944,0.7492479857360217,0.01
275,1.0977026875049538,0.7636170529400307,0.01
276,1.1238537498520937,0.7655056419502999,0.01
277,1.1333955836063736,0.7671646979229537,0.01
278,1.145200437117811,0.7798965833823833,0.01
279,1.160696163102708,0.7766310085783952,0.01
280,1.1591652257105451,0.7838419191396526,0.01
281,1.155375589668815,0.7900221693109175,0.01
282,1.1445996247943915,0.808084409097894,0.01
283,1.1294883029659073,0.8346095886492321,0.01
284,1.110792014086375,0.8464275980905112,0.01
285,1.108503428745991,0.8616726933185115,0.01
286,1.0962439944510576,0.8718171574399807,0.01
287,1.0958735851965629,0.8656432148355155,0.01
288,1.0787612149719796,0.8771464698294177,0.01
289,1.0642918423570946,0.8977550219363425,0.01
290,1.059251888083999,0.9042485218950522,0.01
291,1.0318765170573918,0.9098673673702594,0.01
292,1.016717550149451,0.9117442425006477,0.01
293,0.9932007840983886,0.9182550359486948,0.01
294,0.9712011799838303,0.915368474710055,0.01
295,0.9643702273608467,0.9048971636247594,0.01
296,0.9607713771030323,0.888507931588066,0.01
297,0.9249238363426378,0.8896721172370011,0.01
298,0.9264240414096235,0.8801343460535795,0.01
299,0.9254047162210298,0.8620995079828223,0.01
300,0.9197671289448803,0.8362534684780473,0.01
301,0.9297203741467783,0.8481430754228992,0.01
302,0.9372913449409859,0.8419088879576896,0.01
303,0.9342054833151364,0.821468714321573,0.01
304,0.941333029655306,0.8139565588116029,0.01
305,0.9345563265614317,0.7950610643552528,0.01
306,0.9332434889312056,0.7813672813391472,0.01
307,0.9322580716510345,0.7639751461049602,0.01
308,0.953755471752712,0.7586398058720972,0.01
309,0.9693317931087495,0.7291145151763039,0.01
310,0.9722655235793014,0.7201236287804992,0.01
311,0.9683416714789439,0.7335924951425001,0.01
312,0.961232489281621,0.7344539665254002,0.01
313,0.9767426416459721,0.7333885732076375,0.01
314,0.9749506380406433,0.7410945631888952,0.01
315,0.9828879460078523,0.7286031895291318,0.01
316,0.9763613466033604,0.7482235741622559,0.01
317,0.9750931625837456,0.7278991578497939,0.01
318,0.9879419897683253,0.7291884938124035,0.01
319,0.9816376647356644,0.708879673444663,0.01
320,0.9897798572192111,0.7189719677391708,0.01
321,1.0043634028204669,0.7133077938809832,0.01
322,1.004640919576101,0.7163297063724569,0.01
323,1.0145270639671682,0.7229592666951088,0.01
324,1.0180903133697545,0.7330030547784334,0.01
325,1.0162347407357848,0.7310236332734267,0.01
326,1.0303225378379204,0.7421101472754904,0.01
327,1.0162771729380276,0.7454323176477186,0.01
328,1.027579709664912,0.7321374275876069,0.01
329,1.0387925789083259,0.7258748986524071,0.01
330,1.055889220687307,0.7340755749017882,0.01
331,1.0693603761078572,0.7393854593753434,0.01
332,1.0829953144878,0.7583190100135841,0.01
333,1.1053741555939118,0.764328751937909,0.01
334,1.0844970948959285,0.7726980616670094,0.01
335,1.0876808571823082,0.777673682339823,0.01
336,1.0938847584251428,0.7945991714925333,0.01
337,1.0872417403963892,0.7991182933470117,0.01
338,1.0894189680787085,0.8005877030015388,0.01
339,1.088319322035224,0.788129399638576,0.01
340,1.0764898327013976,0.7818125503077454,0.01
341,1.0682646456576117,0.7808595761461281,0.01
342,1.0726739067435873,0.7960112163987514,0.01
343,1.064268829792283,0.7918277510657127,0.01
344,1.0533537019378914,0.7927708480978809,0.01
345,1.0506008902591952,0.80183674938971,0.01
346,1.0461314459760258,0.7851092220372756,0.01
347,1.0458096832030326,0.8006029125099604,0.01
348,1.0567044785084678,0.7963808169081988,0.01
349,1.0404107562424292,0.8254772577185443,0.01
350,1.0352949798113913,0.8278385612420214,0.01
351,1.0358877951202436,0.8146200212064431,0.01
352,1.0263476192759386,0.8021390887957336,0.01
353,1.0186562919401916,0.805441028657573,0.01
354,1.0040748565692732,0.8128435097483706,0.01
355,1.0055968831160957,0.8041325815637131,0.01
356,1.0073319972616028,0.8120634567955372,0.01
357,1.0165800440825385,0.8105303787132191,0.01
358,1.0142360800188928,0.8110071003043301,0.01
359,1.0272455428330753,0.8234123754246923,0.01
360,1.032624775431684,0.8227823991406771,0.01
361,1.0333308397656316,0.8294996115529948,0.01
362,1.0191769852919543,0.81498135826362,0.01
363,1.0236775251722643,0.8012511415038797,0.01
364,1.0230815225058623,0.8056507841245892,0.01
365,1.0276697895426266,0.809404611170301,0.01
366,1.0188060598655246,0.8215078752938471,0.01
367,1.033617967611103,0.8318645960113791,0.01
368,1.010192913993912,0.8486569175699619,0.01
369,1.0045111310076613,0.8547710890602677,0.01
370,1.0051390168783143,0.8541898267646317,0.01
371,0.9988362454544706,0.8648203670516434,0.01
372,0.9995010194782664,0.8746223456487635,0.01
373,1.0158817500061932,0.8812228623342693,0.01
374,1.009381599627392,0.8605160673484465,0.01
375,1.0300009668927408,0.8564966008521635,0.01
376,1.0473111381951619,0.8628126091488044,0.01
377,1.055126016026216,0.8657975705958388,0.01
378,1.0521349528471153,0.872709947467474,0.01
379,1.0415266180152498,0.8760558784172917,0.01
380,1.0428685176304975,0.8776792607298816,0.01
381,1.0134966425886023,0.8794828491278353,0.01
382,1.010565412531526,0.886834412859098,0.01
383,1.0077423644715418,0.8708503747923082,0.01
384,1.0041338464563812,0.881203210991961,0.01
385,1.0086627253084028,0.8793178741586309,0.01
386,0.9972685457727601,0.8949579813976717,0.01
387,0.9711738843808705,0.8903452279523915,0.01
388,0.9675343159914139,0.8716009708503896,0.01
389,0.9640311882475351,0.8875498988907908,0.01
390,0.9562439995339793,0.8815729471177427,0.01
391,0.9540295808115403,0.8749248147813781,0.01
392,0.9558926783834669,0.8799471033764864,0.01
393,0.9491207472341402,0.8642989708095729,0.01
394,0.9308016023255096,0.8539715085729105,0.01
395,0.9350399302537243,0.82848011082105,0.01
396,0.9147284797645222,0.8165604999952152,0.01
397,0.9187175979072959,0.8004619039936818,0.01
398,0.9290361638095574,0.797289257061203,0.01
399,0.9289001648521362,0.7998196680030717,0.01
400,0.9341214604942937,0.7896736130766464,0.01
401,0.9386279909526887,0.7909464922248539,0.01
402,0.9441927216937713,0.7795121926176828,0.01
403,0.9557330441256836,0.7866913094856176,0.01
404,0.9606138930708195,0.7846499131618687,0.01
405,0.9620888897608791,0.80317364108672,0.01
406,0.965276189758466,0.7985457803548811,0.01
407,0.9410077454411816,0.7801201074899538,0.01
408,0.9432119700873429,0.7775809435416347,0.01
409,0.9491665499083443,0.7813802823579854,0.01
410,0.9499573353394621,0.7895541447442262,0.01
411,0.9426852545206622,0.7735185782101182,0.01
412,0.93397235263773,0.7765081464086181,0.01
413,0.9365705873339158,0.7792792250203232,0.01
414,0.9370222924031163,0.7684173816436031,0.01
415,0.9374783587159461,0.7450518968838344,0.01
416,0.9321057255772986,0.7259733636767525,0.01
417,0.9508147062917313,0.7150711192854203,0.01
418,0.9677197897086869,0.7267189269999045,0.01
419,0.9735183600392127,0.7272118520848047,0.01
420,0.9636093519382366,0.7170993780653939,0.01
421,0.9728612092657415,0.7174806759895067,0.01
422,0.9738232585626516,0.7423821101896193,0.01
423,0.9753601516852939,0.7410812313013051,0.01
424,0.9880854267981306,0.7389950320407512,0.01
425,0.9879130172310874,0.7485676076398775,0.01
426,1.0093883612074785,0.7473658755518883,0.01
427,1.0201343318728633,0.7470934046462444,0.01
428,1.0352852730163156,0.7370359533585634,0.01
429,1.0642818438078365,0.7336012923643898,0.01
430,1.0553917635773207,0.7348078384617586,0.01
431,1.0625699752315065,0.7551142807448444,0.01
432,1.0751217942183,0.7612636132496186,0.01
433,1.0637762907771815,0.7583219846529392,0.01
434,1.065220175791324,0.7886885421271407,0.01
435,1.0464333424210865,0.8051429291818144,0.01
436,1.0396510386372018,0.8255413859145502,0.01
437,1.0247791545279938,0.8302509756001284,0.01
438,1.0101757249705092,0.8413434315858864,0.01
439,1.0206315213534023,0.8617067695864543,0.01
440,1.0218883968966797,0.881917264293942,0.01
441,1.0255342558182388,0.8825288906867919,0.01
442,1.0213172826709187,0.8750624204182108,0.01
443,1.011363572067458,0.8891374527987743,0.01
444,1.0075315221787735,0.894721403867303,0.01
445,0.987454966839666,0.8893501329736668,0.01
446,0.971233736548934,0.8921873989828717,0.01
447,0.9529338843573446,0.895241323107176,0.01
448,0.9335908697680432,0.909313074524385,0.01
449,0.9292313935836761,0.8962643693630813,0.01
450,0.9240118737143617,0.8863970993307587,0.01
451,0.9211444373673329,0.8820968610460448,0.01
452,0.9048937362104209,0.8672278978304206,0.01
453,0.9035274839408337,0.8753705363962622,0.01
454,0.9093070303102919,0.8606799418470603,0.01
455,0.9136979446535032,0.8523884963316499,0.01
456,0.9135014352403049,0.8476358233203024,0.01
457,0.936484724841428,0.8284510069988192,0.01
458,0.9360191517850837,0.8053893047526505,0.01
459,0.9426108077538747,0.8112024403837349,0.01
460,0.9570933894841828,0.7872955625851928,0.01
461,0.9632583304286031,0.7998512436925619,0.01
462,0.9598403352591846,0.7947909513615401,0.01
463,0.9607458858576635,0.7952492850612991,0.01
464,0.9686081721716518,0.8053058132776731,0.01
465,0.9677474984766038,0.8047405915884397,0.01
466,0.9927929532370947,0.8064560911539751,0.01
467,0.9941826302548781,0.792452443225023,0.01
468,0.9950772262748421,0.7897781828065877,0.01
469,0.9960818885272594,0.7836352164651738,0.01
470,0.990921853649208,0.7761204431337649,0.01
471,0.9913230006428241,0.7890971961171902,0.01
472,1.0030667211152566,0.7848127453514139,0.01
473,0.9876694170243062,0.7766075912478235,0.01
474,0.9856457791573904,0.776686368855763,0.01
475,0.9816005681575294,0.7956383029976818,0.01
476,0.9796672550939134,0.7820349290225601,0.01
477,0.9804130031861052,0.7703910615346794,0.01
478,0.9852615260144465,0.7712184329488048,0.01
479,0.9919435642255278,0.7538631920764431,0.01
480,0.9988870186969442,0.7563603478428893,0.01
481,0.9890572772774315,0.7658298227476412,0.01
482,1.0004950719069452,0.7879879900188856,0.01
483,1.00325399111962,0.7884943363657526,0.01
484,1.0053088681650417,0.7894485740315962,0.01
485,0.9877781435765227,0.7731564112854352,0.01
486,0.989895754584332,0.766400796814608,0.01
487,0.9939691336867749,0.744514322908225,0.01
488,0.9846171460798956,0.7330504818838635,0.01
489,1.001372617070899,0.7209379409650741,0.01
490,1.0012670456088448,0.7218356363242974,0.01
491,1.0058405491192721,0.7233912679783082,0.01
492,1.0364792926254662,0.7125677314890337,0.01
493,1.0417305691799386,0.7099995336708418,0.01
494,1.0653607069581361,0.7052675529076965,0.01
495,1.0732396060215479,0.7177485676361918,0.01
496,1.0699091772303135,0.7395570880252323,0.01
497,1.0816377146012621,0.7339852046837978,0.01
498,1.0915578533044765,0.7378442207176196,0.01
499,1.09947599004869,0.7437000120396648,0.01
500,1.1141837696638182,0.7375870376823184,0.01
501,1.11336711959659,0.743517177746538,0.01
502,1.1071733595919346,0.7415466673900472,0.01
503,1.1110921646787155,0.7481723208253191,0.01
504,1.0888885970810238,0.7668896636498312,0.01
505,1.093055405615156,0.7978685120130917,0.01
506,1.098106077159689,0.8008235167247657,0.01
507,1.1238349401665522,0.8370023423362302,0.01
508,1.1047059688336522,0.8520576753940314,0.01
509,1.0945292709993306,0.8628497392999998,0.01
510,1.0878563092696663,0.8583871903551084,0.01
511,1.0824490169242955,0.8834211370334221,0.01
512,1.0699932669593726,0.8890755903542924,0.01
513,1.0729501123422143,0.904282483275395,0.01
514,1.0437107373191763,0.9131648038824204,0.01
515,1.0475226502585604,0.9313090780687739,0.01
516,1.0369716218996186,0.9429471136998715,0.01
517,1.0094122892892992,0.9494346577845901,0.01
518,0.9845936643264911,0.9457481124696563,0.01
519,0.9799028139616628,0.9329221300644154,0.01
520,0.9699407853246369,0.9353305394984122,0.01
521,0.9579467572128528,0.9507408975688456,0.01
522,0.9340888038777221,0.9528040264038884,0.01
523,0.9201575833850447,0.943915658660509,0.01
524,0.9130253393576172,0.9261752020268544,0.01
525,0.8899589159084952,0.9131750158828525,0.01
526,0.8993630168398161,0.9036839867576751,0.01
527,0.8951625901248706,0.8926911173651537,0.01
528,0.893447085921509,0.8738155794786724,0.01
529,0.9003351469607103,0.870351872445022,0.01
530,0.8877312277942772,0.8622230557571715,0.01
531,0.8913640989206887,0.8581202931939851,0.01
532,0.9029394876437913,0.8426681485164795,0.01
533,0.9120009735686244,0.8448546483917649,0.01
534,0.9078904979049292,0.8276607428100964,0.01
535,0.8961602602742336,0.8246150704971587,0.01
536,0.8951042291022735,0.8338433157362362,0.01
537,0.8993041321659105,0.8213772032433944,0.01
538,0.8889373731605504,0.8072822574673688,0.01
539,0.8936934644023311,0.7938070221852815,0.01
540,0.901289337106196,0.7820249542174218,0.01
541,0.903633147086532,0.7670004373263137,0.01
542,0.9274071384542097,0.7629353128081786,0.01
543,0.9344973431677988,0.7404783229062301,0.01
544,0.9478817882493964,0.7253917572697319,0.01
545,0.947026590034675,0.7307945568591958,0.01
546,0.9500568676085794,0.709439566093071,0.01
547,0.9773086412425291,0.682122333421836,0.01
548,0.9950005719766637,0.6907469976542663,0.01
549,0.9996610619673313,0.6948445341786711,0.01
550,1.0145711247777525,0.7052272147838736,0.01
551,1.0287318229376816,0.7038059723672767,0.01
552,1.0471963824455766,0.7138343587904283,0.01
553,1.0458654492615649,0.7031955243904976,0.01
554,1.0566332885249323,0.703681138507235,0.01
555,1.0557584565780356,0.7085056229970487,0.01
556,1.0510407382970268,0.7140684045118281,0.01
557,1.052750297272842,0.7272847051098392,0.01
558,1.083539635692943,0.7219613611126248,0.01
559,1.1007617031088797,0.7362440972994805,0.01
560,1.1048594739913673,0.7391261544736859,0.01
561,1.1250211558890033,0.7268220142684607,0.01
562,1.1240088572762226,0.7215403926668246,0.01
563,1.1439931799445902,0.7285810982977009,0.01
564,1.143622197280247,0.7709126139575049,0.01
565,1.1431633319786394,0.7775471371916032,0.01
566,1.145455531994014,0.7729945148771337,0.01
567,1.1501196597779182,0.7832765157053249,0.01
568,1.1532752003693538,0.785211329750918,0.01
569,1.1412155328639928,0.7903125255081421,0.01
570,1.131418039577777,0.81446346561685,0.01
571,1.1425992977904014,0.8235980652823682,0.01
572,1.1330549417520557,0.8320521275552315,0.01
573,1.1271004531930398,0.8440920346288956,0.01
574,1.122166082281554,0.8473536932322298,0.01
575,1.105641434872922,0.8696762579705892,0.01
576,1.0901154345252722,0.8818940996995364,0.01
577,1.078653602458038,0.8802628327779994,0.01
578,1.0742098423474522,0.8889174658037198,0.01
579,1.0770617353563088,0.8966887041497087,0.01
580,1.0616723024979677,0.90638169204438,0.01
581,1.0372126209061086,0.9036126160994822,0.01
582,1.0307965741059384,0.9036439864601313,0.01
583,1.0188184779637832,0.9052746832653522,0.01
584,1.0012043202572523,0.8867913858423481,0.01
585,0.9959789634994802,0.8945145790018093,0.01
586,0.9737584452583175,0.908978918609154,0.01
587,0.96750913797104,0.920010019553921,0.01
588,0.9469550583202384,0.918688640576405,0.01
589,0.9357202613917915,0.9215005363590992,0.01
590,0.9197955714248002,0.9154761782791261,0.01
591,0.8928629657629832,0.9003574394751125,0.01
592,0.8870659342976598,0.8836480619693705,0.01
593,0.8812137040653658,0.8689894054012988,0.01
594,0.8832970867161414,0.8703518852213883,0.01
595,0.8709195779282605,0.8571242595766975,0.01
596,0.8825905002421481,0.8240712309154518,0.01
597,0.8793401085337187,0.8350428946582231,0.01
598,0.9003165685863039,0.8265332293878096,0.01
599,0.8910865813748787,0.819948636734432,0.01
600,0.8847222668817012,0.8255464686449714,0.01
601,0.8764370629069387,0.819758872048138,0.01
602,0.8830697256276031,0.8020545890473432,0.01
603,0.8934686896101854,0.7851968430222855,0.01
604,0.9029973514393513,0.7877986544932102,0.01
605,0.8959665631778394,0.7912367493011704,0.01
606,0.8937206020437075,0.7859487753485604,0.01
607,0.8988944454126157,0.7733237952183254,0.01
608,0.9057910477712664,0.75320075284497,0.01
609,0.9103753854719369,0.7543628357872799,0.01
610,0.894420674935819,0.7327226260765242,0.01
611,0.8907073734027672,0.7090956931030286,0.01
612,0.904947072405825,0.691416516524667,0.01
613,0.8948481894717971,0.6784687124655989,0.01
614,0.9036989403638995,0.6799023458531305,0.01
615,0.9052551745941642,0.6849677067750447,0.01
616,0.9213675244884757,0.6821015137726965,0.01
617,0.9251540396110787,0.6962746595138664,0.01
618,0.9344924039182327,0.6728143491135047,0.01
619,0.9455635686871375,0.6490624633442096,0.01
620,0.957760033235356,0.6413069288919538,0.01
621,0.9805864332847037,0.6486930124130955,0.01
622,0.9885430751674357,0.6554947565894229,0.01
623,1.0172977853081333,0.6469023211255579,0.01
624,1.0259963946349244,0.654529102503711,0.01
625,1.0422186918265348,0.6617183917930267,0.01
626,1.0697974802576031,0.6683829114746966,0.01
627,1.0929014725555197,0.6792771104048861,0.01
628,1.1084008557114038,0.6894485391697175,0.01
629,1.1311645901098202,0.6868996215941083,0.01
630,1.1299389023401518,0.7018287723593787,0.01
631,1.1368982942053532,0.7116883105073396,0.01
632,1.1512384201480932,0.7289641525572649,0.01
633,1.1533074051953214,0.7368634525450293,0.01
634,1.1577887647435674,0.7587902928272712,0.01
635,1.1631664620261961,0.7850932262359656,0.01
636,1.1610282041248032,0.8091599906967385,0.01
637,1.165055560747163,0.828310583320893,0.01
638,1.1620582495847331,0.8391834861297518,0.01
639,1.15264810264572,0.8550771017710965,0.01
640,1.143269548949204,0.8775619361750746,0.01
641,1.130033043486583,0.8894309572362757,0.01
642,1.1121450262144645,0.8996131353849042,0.01
643,1.097884513822649,0.8865644915109716,0.01
644,1.0725830975454442,0.8945177158338495,0.01
645,1.0582354212827054,0.88900170921422494,0.01
646,1.027669027686262,0.8906351559208041,0.01
647,1.0243209990316846,0.9108318431188328,0.01
648,1.0120854424672792,0.927978925562562,0.01
649,0.9997184732854534,0.930255750196731,0.01
650,0.9899504473957532,0.9215237885596177,0.01
651,0.9776019835633564,0.9296821753686207,0.01
652,0.957864897413444,0.9243838110052651,0.01
653,0.9352800959863379,0.924032432299153,0.01
654,0.9291382120523736,0.9245355767790024,0.01
655,0.9066858433217991,0.9190565027273752,0.01
656,0.8881427143443019,0.9104765579910526,0.01
657,0.8937439632018326,0.8952569614787077,0.01
658,0.8942965768126087,0.8782476299736011,0.01
659,0.8844042401354737,0.873351469390025,0.01
660,0.8731705499793417,0.8462262483652766,0.01
661,0.8840007692731783,0.8390971797767538,0.01
662,0.8767590493516234,0.809422929167533,0.01
663,0.8971160355983463,0.8333512322535284,0.01
664,0.8980448242311534,0.8332754508773156,0.01
665,0.9091333490665177,0.8177617320361233,0.01
666,0.9056588065314622,0.7930597946845028,0.01
667,0.9006303886687246,0.791802071761119,0.01
668,0.9002514649394249,0.7817918500070683,0.01
669,0.902561036091174,0.755356921006062,0.01
670,0.9167255380410215,0.7335618725402887,0.01
671,0.9222571857499477,0.723067540894759,0.01
672,0.9286003762857588,0.7320458697899146,0.01
673,0.9304160345438848,0.7189881138683392,0.01
674,0.9240518111231508,0.7059281286443494,0.01
675,0.9224862935893302,0.7046461943220562,0.01
676,0.9240826156417828,0.70222464084933,0.01
677,0.9330566704284387,0.682557913253705,0.01
678,0.9373578432179269,0.6868397678704198,0.01
679,0.9581701295296903,0.7025929881711159,0.01
680,0.9682691780079457,0.68469578266244,0.01
681,0.9723640392505781,0.6866080717110042,0.01
682,1.002928670228933,0.6858106555733973,0.01
683,1.0257261702694616,0.6936923199452862,0.01
684,1.0244217508794398,0.6937657980963907,0.01
685,1.047856865498745,0.7042210567413284,0.01
686,1.0615281463393222,0.7123623804344825,0.01
687,1.0646107961392999,0.7035515609800406,0.01
688,1.086457351970415,0.6938950687113681,0.01
689,1.0867175965276388,0.706183951655178,0.01
690,1.08240605532954,0.7067891050218428,0.01
691,1.0788833277107293,0.7188201108086069,0.01
692,1.090402702634481,0.7287092499779415,0.01
693,1.1006294059800645,0.7408694360050061,0.01
694,1.111315940985718,0.7286381455636608,0.01
695,1.1152841904193949,0.7378736877703306,0.01
696,1.1268883091301523,0.7345053440829153,0.01
697,1.1264130443958582,0.733088928291178,0.01
698,1.1416745308779017,0.7551468544470897,0.01
699,1.1514371434506983,0.7536213282560913,0.01
700,1.1578094701117052,0.7765384462393629,0.01
701,1.1585510148524572,0.7831318649826432,0.01
702,1.1459703031573822,0.7888954722226712,0.01
703,1.1510457799719915,0.7960943923428349,0.01
704,1.1502942705402062,0.8210685201418131,0.01
705,1.1501964673781635,0.8470554373863726,0.01
706,1.1243132606424646,0.8569711480261245,0.01
707,1.1157632581691264,0.873410328710974,0.01
708,1.0932970493970333,0.8915830598024619,0.01
709,1.0843181734765137,0.9025393268157039,0.01
710,1.076455941279234,0.9089857891697163,0.01
711,1.0723335331928279,0.922417823319073,0.01
712,1.0561528522862593,0.9394937675365507,0.01
713,1.04315964518761,0.9514568070061793,0.01
714,1.0205180578623798,0.9713675791962108,0.01
715,1.0025710165374742,0.9818390645047044,0.01
716,0.9832876411706066,0.9792951978820963,0.01
717,0.9738308095213715,0.9618123981614938,0.01
718,0.963366368409058,0.9632310767062225,0.01
719,0.9213937739325634,0.963386184751455,0.01
720,0.8861038408672521,0.9624114132975005,0.01
721,0.869191842302432,0.9445005486971411,0.01
722,0.858837457128674,0.9458762314750394,0.01
723,0.84238054277417,0.9381050350068709,0.01
724,0.8368139333020888,0.9115234880715952,0.01
725,0.8128023997445446,0.8767228370870874,0.01
726,0.8151221844235451,0.8599633753525887,0.01
727,0.831754113887053,0.849801311404125,0.01
728,0.8389076123925244,0.8488475897917613,0.01
729,0.8325053925257891,0.8402742805786056,0.01
730,0.8406292729308774,0.8398936563790171,0.01
731,0.847581640826948,0.8307196818416036,0.01
732,0.8388793965793379,0.8253535923672748,0.01
733,0.8444584097683834,0.8183979480205813,0.01
734,0.8497681981100564,0.80365007574574,0.01
735,0.851242611448591,0.798450336981728,0.01
736,0.8556234129953458,0.7782717125367187,0.01
737,0.8570515847076677,0.7538440339331217,0.01
738,0.8537873533842666,0.7416218422289347,0.01
739,0.8432869712741052,0.7138929682489861,0.01
740,0.8642169981766067,0.69693914608283,0.01
741,0.8569536946260577,0.6863472647542044,0.01
742,0.8823555816334533,0.6831518636808908,0.01
743,0.8991556583293279,0.6869524224378131,0.01
744,0.9034188760293389,0.6873217878713519,0.01
745,0.9094726464562407,0.680691198654763,0.01
746,0.944114751816222,0.6842234253323811,0.01
747,0.9637807079036236,0.6693163466204141,0.01
748,0.9692115361997655,0.6897332949967176,0.01
749,0.9695625155007652,0.6897545058910861,0.01
750,0.9897674368369541,0.697842646406375,0.01
751,1.0109723163044704,0.6954972846118007,0.01
752,1.0131055303962906,0.6931878339014804,0.01
753,1.0146402042232323,0.7003669807553837,0.01
754,1.0356558304108083,0.7226644678432658,0.01
755,1.0465877303446682,0.7164933742422626,0.01
756,1.0645970170273868,0.7288789431905096,0.01
757,1.068410660728356,0.7180087347022046,0.01
758,1.0833219802907794,0.7342121238535917,0.01
759,1.085692556556518,0.74569215284847,0.01
760,1.0869690989344012,0.758905331998017,0.01
761,1.088372400750088,0.7620587046488545,0.01
762,1.091694389963661,0.7659591472232636,0.01
763,1.087498394097423,0.76982319358501194,0.01
764,1.0887955081643554,0.7786339743099605,0.01
765,1.1045124646517874,0.7719679159427142,0.01
766,1.1033037463730142,0.7863511741732502,0.01
767,1.120150327266513,0.7987346200250967,0.01
768,1.1174628061128842,0.8052558735286439,0.01
769,1.1183933570971216,0.8246052141849635,0.01
770,1.1111547363001826,0.8360056062121438,0.01
771,1.1068531175199854,0.8525909808246389,0.01
772,1.1097804583574395,0.8644927894210886,0.01
773,1.099424823753627,0.8879298622101093,0.01
774,1.0892167352167383,0.9125366090036263,0.01
775,1.0743963056342243,0.9268171923476688,0.01
776,1.043711605078323,0.9325884502451898,0.01
777,1.0287428030667516,0.9290814898747967,0.01
778,1.0045133298148476,0.9412335235299583,0.01
779,0.9993771474546512,0.9286710133139419,0.01
780,0.990774297671417,0.9174877176039475,0.01
781,0.9688059960950971,0.9218953952293366,0.01
782,0.9507408758752158,0.9289544341946891,0.01
783,0.9398025399508491,0.9297399757745198,0.01
784,0.9235047516124376,0.9126309639203053,0.01
785,0.9236636254937898,0.9080304856088061,0.01
786,0.9127047475477835,0.9017912633530144,0.01
787,0.918266789868688,0.8869373874074533,0.01
788,0.9042905917084938,0.8734920128945507,0.01
789,0.8835258477928889,0.8733281538994387,0.01
790,0.8810289708077175,0.8652278580092141,0.01
791,0.8769450724713598,0.8498325487196539,0.01
792,0.8664990937755498,0.8478935044831629,0.01
793,0.8504008475083427,0.8409770387797844,0.01
794,0.8415344250714034,0.8312191956985991,0.01
795,0.8341674017889835,0.8128138160979524,0.01
796,0.8535588171427425,0.8060175395887541,0.01
797,0.8340961377590497,0.79547824755965,0.01
798,0.832722761435807,0.7709146943219924,0.01
799,0.8400285312267091,0.7593187013587118,0.01
800,0.842848422614668,0.7668988042397482,0.01
